,Decision Tree,Random Forest,XGBoost,Gradient Boosting
R2 Mean,0.9920357726524228,0.9976372817383907,0.9955152048525026,0.9972649024502935
MSE Mean,0.007938465664003918,0.0023594436892979843,0.004459310650224871,0.0027295921103718643
MAE Mean,0.024550088104105475,0.013311209990672599,0.03418756533868183,0.03003506423541143
MAPE Mean,0.15017815812395113,0.05212394353719517,0.20004806272819126,0.18913085328442475
